<?xml version="1.0" encoding="UTF-8" standalone="yes"?>
<addon id="plugin.video.mylist" name="My Playlist Loader" version="0.1.0" provider-name="Scollar">
  <requires>
    <import addon="xbmc.python" version="2.1.0"/>
	<import addon="repository.xbmc-israel" />
  </requires>
  <extension point="xbmc.python.pluginsource" library="default.py">
        <provides>video</provides>
  </extension>
  <extension point="xbmc.addon.metadata">
    <summary lang="en">Playlist Loader</summary>
    <description lang="en">Playlist Loader</description>
    <platform>all</platform>
  </extension>
</addon>
