<?xml version="1.0" encoding="UTF-8" standalone="yes"?>
<addon id="plugin.video.420everday" name="420 Everyday" version="0.0.1" provider-name="scollar">
	<requires>
		<import addon="xbmc.python" version="2.19.0" />
        <import addon="script.module.python.koding.aio" version="0.0.1"/>
	</requires>
	<extension point="xbmc.python.pluginsource" library="default.py">
		<provides>image video</provides>
	</extension>
	<extension point="xbmc.addon.metadata">
		<summary lang="en">Strain Showcase's & Much More</summary>
		<description lang="en">Reefer Madnadness</description>
		<platform>all</platform>
		<forum>http://www.noobsandnerds.com/support</forum>
		<website>www.noobsandnerds.com</website>
		<news></news>
		<genre>adult,documentary,downloads,usa</genre>
		<video_guide></video_guide>
		<video_preview></video_preview>
	</extension>
</addon>
