<?xml version="1.0" encoding="UTF-8" standalone="yes"?>
<addon id="plugin.video.thechronic" name="The Chronic" version="0.1.0" provider-name="Scollar">
	<requires>
		<import addon="xbmc.python" version="2.19.0" />
        <import addon="script.module.python.koding.aio" version="0.0.1"/>
	</requires>
	<extension point="xbmc.python.pluginsource" library="default.py">
		<provides>audio image video</provides>
	</extension>
	<extension point="xbmc.addon.metadata">
		<summary lang="en">This is a place for my stuff</summary>
		<description lang="en">For your 420 viewing pleasure</description>
		<platform>all</platform>
		<forum></forum>
		<website></website>
		<news></news>
		<genre></genre>
		<video_guide></video_guide>
		<video_preview></video_preview>
	</extension>
</addon>
